{"coco/bbox_mAP": 0.781, "coco/bbox_mAP_50": 0.867, "coco/bbox_mAP_75": 0.862, "coco/bbox_mAP_s": 0.0, "coco/bbox_mAP_m": 0.4, "coco/bbox_mAP_l": 0.915, "data_time": 0.4408587309030386, "time": 0.6726582050323486}