{"lr": 0.009998886215193948, "data_time": 0.015584071477254232, "loss": 0.14558566361665726, "decode.loss_ce": 0.10447002326448758, "decode.acc_seg": 34.649658203125, "aux.loss_ce": 0.04111564283569654, "aux.acc_seg": 33.404541015625, "time": 1.8611029386520386, "memory": 6130, "step": 6}
{"lr": 0.00997794446709763, "data_time": 0.010206031799316406, "loss": 0.06832318566739559, "decode.loss_ce": 0.04665607772767544, "decode.acc_seg": 80.0445556640625, "aux.loss_ce": 0.021667107380926608, "aux.acc_seg": 79.925537109375, "time": 0.6423673629760742, "memory": 3614, "step": 100}
{"lr": 0.009955660594668054, "data_time": 0.007917094230651855, "loss": 0.07096202038228512, "decode.loss_ce": 0.04933700617402792, "decode.acc_seg": 75.50048828125, "aux.loss_ce": 0.021625014394521712, "aux.acc_seg": 69.5770263671875, "time": 0.641136360168457, "memory": 3614, "step": 200}
{"lr": 0.009933371122565919, "data_time": 0.007718610763549805, "loss": 0.05392163284122944, "decode.loss_ce": 0.03725251276046038, "decode.acc_seg": 75.1617431640625, "aux.loss_ce": 0.01666911980137229, "aux.acc_seg": 77.5604248046875, "time": 0.64112868309021, "memory": 3614, "step": 300}
{"lr": 0.009911076035273796, "data_time": 0.007512855529785156, "loss": 0.06788754537701606, "decode.loss_ce": 0.048687048442661765, "decode.acc_seg": 80.56640625, "aux.loss_ce": 0.019200497772544622, "aux.acc_seg": 80.06591796875, "time": 0.6410801410675049, "memory": 3614, "step": 400}
{"aAcc": 64.5, "mIoU": 20.01, "mAcc": 26.95, "data_time": 0.13588430664756082, "time": 2.51647442037409, "step": 400}
{"lr": 0.0098887753171919, "data_time": 0.007771587371826172, "loss": 0.05197476670145988, "decode.loss_ce": 0.03686163332313299, "decode.acc_seg": 82.6171875, "aux.loss_ce": 0.015113133657723665, "aux.acc_seg": 80.60302734375, "time": 0.641839861869812, "memory": 5330, "step": 500}
{"lr": 0.009866468952637547, "data_time": 0.0081773042678833, "loss": 0.05508291982114315, "decode.loss_ce": 0.03894826266914606, "decode.acc_seg": 81.134033203125, "aux.loss_ce": 0.016134657710790635, "aux.acc_seg": 82.14111328125, "time": 0.6609192848205566, "memory": 3614, "step": 600}
{"lr": 0.009844156925844432, "data_time": 0.007671427726745605, "loss": 0.04250137321650982, "decode.loss_ce": 0.0298020014539361, "decode.acc_seg": 90.1031494140625, "aux.loss_ce": 0.01269937101751566, "aux.acc_seg": 88.8824462890625, "time": 0.6417747497558594, "memory": 3614, "step": 700}
{"lr": 0.009821839220962003, "data_time": 0.0074203252792358395, "loss": 0.039750701561570165, "decode.loss_ce": 0.02757444977760315, "decode.acc_seg": 82.5775146484375, "aux.loss_ce": 0.012176252575591207, "aux.acc_seg": 80.3924560546875, "time": 0.6413938522338867, "memory": 3614, "step": 800}
{"aAcc": 78.07, "mIoU": 32.92, "mAcc": 38.97, "data_time": 0.008284529050191244, "time": 0.42096491654713947, "step": 800}
{"lr": 0.009799515822054777, "data_time": 0.008142518997192382, "loss": 0.04211738370358944, "decode.loss_ce": 0.02953529581427574, "decode.acc_seg": 82.5042724609375, "aux.loss_ce": 0.012582087283954024, "aux.acc_seg": 82.6324462890625, "time": 0.643317723274231, "memory": 3614, "step": 900}
{"lr": 0.00977718671310168, "data_time": 0.008308792114257812, "loss": 0.041625109314918515, "decode.loss_ce": 0.028781034424901007, "decode.acc_seg": 76.104736328125, "aux.loss_ce": 0.012844074750319123, "aux.acc_seg": 74.5086669921875, "time": 0.6437335729598999, "memory": 3614, "step": 1000}
{"lr": 0.009754851877995354, "data_time": 0.007551956176757813, "loss": 0.03624831140041351, "decode.loss_ce": 0.024983995035290717, "decode.acc_seg": 92.68798828125, "aux.loss_ce": 0.01126431580632925, "aux.acc_seg": 92.2576904296875, "time": 0.6439186811447144, "memory": 3614, "step": 1100}
{"lr": 0.009732511300541468, "data_time": 0.007577943801879883, "loss": 0.04348611608147621, "decode.loss_ce": 0.030068682320415974, "decode.acc_seg": 87.884521484375, "aux.loss_ce": 0.013417433947324753, "aux.acc_seg": 86.712646484375, "time": 0.6418560743331909, "memory": 3614, "step": 1200}
{"aAcc": 76.75, "mIoU": 35.77, "mAcc": 41.51, "data_time": 0.00835643212000529, "time": 0.4380768338839213, "step": 1200}
{"lr": 0.009710164964458045, "data_time": 0.0077829122543334964, "loss": 0.04124719612300396, "decode.loss_ce": 0.02972900364547968, "decode.acc_seg": 73.4100341796875, "aux.loss_ce": 0.011518192291259766, "aux.acc_seg": 71.7620849609375, "time": 0.664448881149292, "memory": 3614, "step": 1300}
{"lr": 0.009687812853374727, "data_time": 0.007822823524475098, "loss": 0.045894214510917665, "decode.loss_ce": 0.032445882260799405, "decode.acc_seg": 74.01123046875, "aux.loss_ce": 0.013448332343250513, "aux.acc_seg": 71.5606689453125, "time": 0.641610860824585, "memory": 3614, "step": 1400}
{"lr": 0.009665454950832103, "data_time": 0.007528162002563477, "loss": 0.05226929634809494, "decode.loss_ce": 0.03756118351593614, "decode.acc_seg": 73.9105224609375, "aux.loss_ce": 0.014708112413063645, "aux.acc_seg": 73.1842041015625, "time": 0.6411594867706298, "memory": 3614, "step": 1500}
{"lr": 0.009643091240280942, "data_time": 0.008202719688415527, "loss": 0.04321318306028843, "decode.loss_ce": 0.02997548393905163, "decode.acc_seg": 86.962890625, "aux.loss_ce": 0.013237698841840029, "aux.acc_seg": 85.46142578125, "time": 0.6422857046127319, "memory": 3614, "step": 1600}
{"aAcc": 83.4, "mIoU": 45.8, "mAcc": 55.79, "data_time": 0.008347729841868082, "time": 0.42466113964716595, "step": 1600}
{"lr": 0.009620721705081534, "data_time": 0.007879900932312011, "loss": 0.042221802100539205, "decode.loss_ce": 0.029468484781682493, "decode.acc_seg": 73.4405517578125, "aux.loss_ce": 0.012753317644819618, "aux.acc_seg": 72.637939453125, "time": 0.7077409029006958, "memory": 3614, "step": 1700}
{"lr": 0.009598346328502901, "data_time": 0.0075625419616699215, "loss": 0.03635482918471098, "decode.loss_ce": 0.0251525959931314, "decode.acc_seg": 78.936767578125, "aux.loss_ce": 0.011202233005315065, "aux.acc_seg": 80.145263671875, "time": 0.6412555694580078, "memory": 3614, "step": 1800}
{"lr": 0.009575965093722064, "data_time": 0.007722830772399903, "loss": 0.034866806119680405, "decode.loss_ce": 0.024816818162798883, "decode.acc_seg": 87.469482421875, "aux.loss_ce": 0.010049988375976681, "aux.acc_seg": 86.2152099609375, "time": 0.7045034646987915, "memory": 3614, "step": 1900}
{"lr": 0.009553577983823325, "data_time": 0.008475852012634278, "loss": 0.03611557483673096, "decode.loss_ce": 0.025419526174664496, "decode.acc_seg": 88.2476806640625, "aux.loss_ce": 0.010696048801764845, "aux.acc_seg": 84.16748046875, "time": 0.6592859745025634, "memory": 3614, "step": 2000}
{"aAcc": 85.69, "mIoU": 49.46, "mAcc": 56.26, "data_time": 0.009981373945871988, "time": 0.49118224779764813, "step": 2000}
{"lr": 0.0095311849817975, "data_time": 0.007563328742980957, "loss": 0.036944455467164516, "decode.loss_ce": 0.02563909748569131, "decode.acc_seg": 80.0933837890625, "aux.loss_ce": 0.011305358167737723, "aux.acc_seg": 81.15234375, "time": 0.6414025306701661, "memory": 3614, "step": 2100}
{"lr": 0.009508786070541123, "data_time": 0.0074100494384765625, "loss": 0.040151868388056754, "decode.loss_ce": 0.028244358021765947, "decode.acc_seg": 95.745849609375, "aux.loss_ce": 0.011907510273158551, "aux.acc_seg": 94.3603515625, "time": 0.6412884950637817, "memory": 3614, "step": 2200}
{"lr": 0.009486381232855704, "data_time": 0.007663178443908692, "loss": 0.041464528255164626, "decode.loss_ce": 0.029861093126237394, "decode.acc_seg": 84.478759765625, "aux.loss_ce": 0.011603435315191746, "aux.acc_seg": 91.29638671875, "time": 0.6418797016143799, "memory": 3614, "step": 2300}
{"lr": 0.009463970451446941, "data_time": 0.008108162879943847, "loss": 0.030573618970811366, "decode.loss_ce": 0.02144737811759114, "decode.acc_seg": 89.1021728515625, "aux.loss_ce": 0.009126240899786354, "aux.acc_seg": 90.338134765625, "time": 0.6423231840133667, "memory": 3614, "step": 2400}
{"aAcc": 85.53, "mIoU": 45.74, "mAcc": 53.31,