{"coco/AP": 0.7459855351445741, "coco/AP .5": 1.0, "coco/AP .75": 0.96982555398397, "coco/AP (M)": -1.0, "coco/AP (L)": 0.7459855351445741, "coco/AR": 0.7857142857142858, "coco/AR .5": 1.0, "coco/AR .75": 0.9761904761904762, "coco/AR (M)": -1.0, "coco/AR (L)": 0.7857142857142858, "PCK": 0.9727891156462585, "AUC": 0.13276643990929707, "NME": 0.03999694080309533, "data_time": 1.7902859449386597, "time": 2.267839550971985}