{"accuracy/top1": 57.04399108886719, "data_time": 0.042379897087812424, "time": 0.1171424388885498}