{"lr": 0.1, "data_time": 0.00046961307525634767, "loss": 1.6348836541175842, "time": 0.12507140636444092, "epoch": 1, "memory": 838, "step": 100}
{"lr": 0.1, "data_time": 0.0003823995590209961, "loss": 0.7198462307453155, "time": 0.12538297176361085, "epoch": 1, "memory": 838, "step": 200}
{"accuracy/top1": 51.09306716918945, "data_time": 0.02104328660403981, "time": 0.05915428610409007, "step": 1}
{"lr": 0.1, "data_time": 0.0004314899444580078, "loss": 0.7346983253955841, "time": 0.12584428787231444, "epoch": 2, "memory": 838, "step": 301}
{"lr": 0.1, "data_time": 0.00035552978515625, "loss": 0.690004414319992, "time": 0.12592682838439942, "epoch": 2, "memory": 838, "step": 401}
{"accuracy/top1": 54.59088134765625, "data_time": 0.012021527840540959, "time": 0.0497205349115225, "step": 2}
{"lr": 0.1, "data_time": 0.0004360675811767578, "loss": 0.6973825573921204, "time": 0.12635455131530762, "epoch": 3, "memory": 838, "step": 502}
{"lr": 0.1, "data_time": 0.0003848552703857422, "loss": 0.6980368375778199, "time": 0.1264329433441162, "epoch": 3, "memory": 838, "step": 602}
{"accuracy/top1": 53.3416633605957, "data_time": 0.00887153698847844, "time": 0.04692148703795213, "step": 3}
{"lr": 0.1, "data_time": 0.00045213699340820315, "loss": 0.6860113024711609, "time": 0.12680745124816895, "epoch": 4, "memory": 838, "step": 703}
{"lr": 0.1, "data_time": 0.0003816127777099609, "loss": 0.6900583446025849, "time": 0.12686336040496826, "epoch": 4, "memory": 838, "step": 803}
{"accuracy/top1": 57.026859283447266, "data_time": 0.00789117354613084, "time": 0.04588001507979173, "step": 4}
{"lr": 0.1, "data_time": 0.00041937828063964844, "loss": 0.6883993327617646, "time": 0.1269707441329956, "epoch": 5, "memory": 838, "step": 904}
{"lr": 0.1, "data_time": 0.00042023658752441404, "loss": 0.6802725315093994, "time": 0.12716023921966552, "epoch": 5, "memory": 838, "step": 1004}
{"accuracy/top1": 59.525299072265625, "data_time": 0.016342057631565973, "time": 0.05426630607018104, "step": 5}
