{"coco/bbox_mAP": 0.868, "coco/bbox_mAP_50": 0.988, "coco/bbox_mAP_75": 0.92, "coco/bbox_mAP_s": -1.0, "coco/bbox_mAP_m": -1.0, "coco/bbox_mAP_l": 0.868, "data_time": 2.7562472139086043, "time": 2.861631989479065}