{"coco/bbox_mAP": 0.586, "coco/bbox_mAP_50": 0.968, "coco/bbox_mAP_75": 0.664, "coco/bbox_mAP_s": -1.0, "coco/bbox_mAP_m": -1.0, "coco/bbox_mAP_l": 0.586, "data_time": 0.37883925437927246, "time": 0.7003437389026989}