{"accuracy/top1": 92.59829711914062, "accuracy/top5": 99.15188598632812, "data_time": 0.06771571461747332, "time": 0.24550881618406714}