{"aAcc": 83.23, "mIoU": 50.08, "mAcc": 57.36, "data_time": 0.137015776200728, "time": 4.021655234423551}