{"lr": 4e-08, "data_time": 12.713839292526245, "loss": 0.4218690097332001, "loss_kpt": 0.4218690097332001, "acc_pose": 0.002976190476190476, "time": 15.682080745697021, "epoch": 1, "memory": 1496, "step": 1}
{"lr": 0.0002105642105263158, "data_time": 10.57212507724762, "loss": 0.4222768396139145, "loss_kpt": 0.4222768396139145, "acc_pose": 0.00744047619047619, "time": 12.16413950920105, "epoch": 1, "memory": 1563, "step": 2}
{"lr": 0.00042108842105263163, "data_time": 11.046820640563965, "loss": 0.422207514444987, "loss_kpt": 0.422207514444987, "acc_pose": 0.019345238095238096, "time": 12.172239065170288, "epoch": 1, "memory": 1563, "step": 3}
{"lr": 0.0006316126315789475, "data_time": 11.161214888095856, "loss": 0.4214589521288872, "loss_kpt": 0.4214589521288872, "acc_pose": 0.03125, "time": 12.056818664073944, "epoch": 1, "memory": 1563, "step": 4}
