{"lr": 0.1, "data_time": 0.0004911661148071289, "loss": 0.9857117712497712, "time": 0.12663800716400148, "epoch": 1, "memory": 838, "step": 100}
{"lr": 0.1, "data_time": 0.00041840076446533205, "loss": 0.8027857005596161, "time": 0.12674462795257568, "epoch": 1, "memory": 838, "step": 200}
{"accuracy/top1": 49.031856536865234, "data_time": 0.029869944441552256, "time": 0.06808639975155101, "step": 1}
{"lr": 0.1, "data_time": 0.0005146026611328125, "loss": 0.6979452967643738, "time": 0.12716164588928222, "epoch": 2, "memory": 838, "step": 301}
{"lr": 0.1, "data_time": 0.000531315803527832, "loss": 0.6921111822128296, "time": 0.12724885940551758, "epoch": 2, "memory": 838, "step": 401}
{"accuracy/top1": 48.96939468383789, "data_time": 0.0108069685789255, "time": 0.049051798306978665, "step": 2}
{"lr": 0.1, "data_time": 0.0005113124847412109, "loss": 0.6851891219615937, "time": 0.12754285335540771, "epoch": 3, "memory": 838, "step": 502}
{"lr": 0.1, "data_time": 0.0004483461380004883, "loss": 0.7179383933544159, "time": 0.12758150100708007, "epoch": 3, "memory": 838, "step": 602}
{"accuracy/top1": 49.96876907348633, "data_time": 0.018583086820749137, "time": 0.05667334794998169, "step": 3}
{"lr": 0.1, "data_time": 0.0005095481872558593, "loss": 0.6896908760070801, "time": 0.12780563831329345, "epoch": 4, "memory": 838, "step": 703}
{"lr": 0.1, "data_time": 0.000415349006652832, "loss": 0.6935056388378144, "time": 0.12765965461730958, "epoch": 4, "memory": 838, "step": 803}
{"accuracy/top1": 53.466583251953125, "data_time": 0.009415667790632982, "time": 0.047978103160858154, "step": 4}
{"lr": 0.1, "data_time": 0.0005722522735595703, "loss": 0.6918642699718476, "time": 0.127935528755188, "epoch": 5, "memory": 838, "step": 904}
{"lr": 0.1, "data_time": 0.0005013942718505859, "loss": 0.7160256624221801, "time": 0.12785162925720214, "epoch": 5, "memory": 838, "step": 1004}
{"accuracy/top1": 53.15427780151367, "data_time": 0.009685896910153903, "time": 0.04822723682110126, "step": 5}
