{"accuracy/top1": 57.01580810546875, "data_time": 0.0406692735850811, "time": 0.136117622256279}