{"lr": 0.009998440697372778, "data_time": 0.01237669587135315, "loss": 0.14809082448482513, "decode.loss_ce": 0.10639503970742226, "decode.acc_seg": 44.2962646484375, "aux.loss_ce": 0.04169578244909644, "aux.acc_seg": 43.84765625, "time": 1.5974575281143188, "memory": 6130, "step": 8}
{"lr": 0.00997794446709763, "data_time": 0.008306193351745605, "loss": 0.10687734708189964, "decode.loss_ce": 0.07571376860141754, "decode.acc_seg": 72.5494384765625, "aux.loss_ce": 0.031163579039275646, "aux.acc_seg": 75.5218505859375, "time": 0.6403009176254273, "memory": 3614, "step": 100}
{"lr": 0.009955660594668054, "data_time": 0.008098578453063965, "loss": 0.0990638941526413, "decode.loss_ce": 0.07092980369925499, "decode.acc_seg": 61.6180419921875, "aux.loss_ce": 0.028134090453386308, "aux.acc_seg": 55.010986328125, "time": 0.641545033454895, "memory": 3614, "step": 200}
{"lr": 0.009933371122565919, "data_time": 0.007943391799926758, "loss": 0.09246221296489239, "decode.loss_ce": 0.06548357233405114, "decode.acc_seg": 54.4708251953125, "aux.loss_ce": 0.02697864044457674, "aux.acc_seg": 48.9349365234375, "time": 0.6419416904449463, "memory": 3614, "step": 300}
{"lr": 0.009911076035273796, "data_time": 0.008344745635986328, "loss": 0.07958898358047009, "decode.loss_ce": 0.056251656264066696, "decode.acc_seg": 71.1639404296875, "aux.loss_ce": 0.02333732694387436, "aux.acc_seg": 71.905517578125, "time": 0.6431587219238282, "memory": 3614, "step": 400}
{"aAcc": 31.07, "mIoU": 15.51, "mAcc": 30.7, "data_time": 0.11592377026875814, "time": 2.032697836558024, "step": 400}
{"lr": 0.0098887753171919, "data_time": 0.0077373266220092775, "loss": 0.08425940051674843, "decode.loss_ce": 0.05981271676719189, "decode.acc_seg": 66.5740966796875, "aux.loss_ce": 0.024446683004498482, "aux.acc_seg": 69.0643310546875, "time": 0.6424611806869507, "memory": 5769, "step": 500}
{"lr": 0.009866468952637547, "data_time": 0.008211231231689453, "loss": 0.07885267212986946, "decode.loss_ce": 0.05602523125708103, "decode.acc_seg": 47.686767578125, "aux.loss_ce": 0.02282744012773037, "aux.acc_seg": 50.909423828125, "time": 0.642597770690918, "memory": 3614, "step": 600}
{"lr": 0.009844156925844432, "data_time": 0.008621668815612793, "loss": 0.08485332354903222, "decode.loss_ce": 0.060646459087729455, "decode.acc_seg": 62.63427734375, "aux.loss_ce": 0.02420686334371567, "aux.acc_seg": 63.9892578125, "time": 0.643270468711853, "memory": 3614, "step": 700}
{"lr": 0.009821839220962003, "data_time": 0.007684588432312012, "loss": 0.07464993260800838, "decode.loss_ce": 0.05315593928098679, "decode.acc_seg": 53.448486328125, "aux.loss_ce": 0.021493993792682888, "aux.acc_seg": 52.520751953125, "time": 0.6424360036849975, "memory": 3614, "step": 800}
{"aAcc": 66.52, "mIoU": 32.79, "mAcc": 41.93, "data_time": 0.005157887935638428, "time": 0.4112868458032608, "step": 800}
{"lr": 0.009799515822054777, "data_time": 0.0078040361404418945, "loss": 0.0731120951473713, "decode.loss_ce": 0.05220041014254093, "decode.acc_seg": 73.3367919921875, "aux.loss_ce": 0.020911685563623904, "aux.acc_seg": 68.707275390625, "time": 0.642568850517273, "memory": 3614, "step": 900}
{"lr": 0.00977718671310168, "data_time": 0.008197212219238281, "loss": 0.07281618267297744, "decode.loss_ce": 0.051666971296072006, "decode.acc_seg": 73.4893798828125, "aux.loss_ce": 0.02114921109750867, "aux.acc_seg": 70.941162109375, "time": 0.6441199302673339, "memory": 3614, "step": 1000}
{"lr": 0.009754851877995354, "data_time": 0.00802600383758545, "loss": 0.07641632929444313, "decode.loss_ce": 0.054533416777849196, "decode.acc_seg": 68.9605712890625, "aux.loss_ce": 0.021882914006710052, "aux.acc_seg": 69.268798828125, "time": 0.643787932395935, "memory": 3614, "step": 1100}
{"lr": 0.009732511300541468, "data_time": 0.008163094520568848, "loss": 0.06498771086335182, "decode.loss_ce": 0.045738786831498145, "decode.acc_seg": 70.3857421875, "aux.loss_ce": 0.019248924497514964, "aux.acc_seg": 67.8192138671875, "time": 0.6439944982528687, "memory": 3614, "step": 1200}
{"aAcc": 62.47, "mIoU": 24.68, "mAcc": 32.32, "data_time": 0.006080001592636108, "time": 0.4145193547010422, "step": 1200}
{"lr": 0.009710164964458045, "data_time": 0.008305597305297851, "loss": 0.06715613305568695, "decode.loss_ce": 0.04701119661331177, "decode.acc_seg": 63.0828857421875, "aux.loss_ce": 0.020144935324788095, "aux.acc_seg": 60.9344482421875, "time": 0.6453480005264283, "memory": 3614, "step": 1300}
{"lr": 0.009687812853374727, "data_time": 0.007294273376464844, "loss": 0.06576658003032207, "decode.loss_ce": 0.046616644412279126, "decode.acc_seg": 77.6153564453125, "aux.loss_ce": 0.0191499350592494, "aux.acc_seg": 77.3956298828125, "time": 0.6426450967788696, "memory": 3614, "step": 1400}
{"lr": 0.009665454950832103, "data_time": 0.008117413520812989, "loss": 0.07979297749698162, "decode.loss_ce": 0.05585984066128731, "decode.acc_seg": 64.84375, "aux.loss_ce": 0.0239331366494298, "aux.acc_seg": 64.0655517578125, "time": 0.6436510801315307, "memory": 3614, "step": 1500}
{"lr": 0.009643091240280942, "data_time": 0.008139753341674804, "loss": 0.07493748143315315, "decode.loss_ce": 0.05357819236814976, "decode.acc_seg": 58.380126953125, "aux.loss_ce": 0.02135928813368082, "aux.acc_seg": 59.1827392578125, "time": 0.6435823678970337, "memory": 3614, "step": 1600}
{"aAcc": 60.06, "mIoU": 19.65, "mAcc": 27.06, "data_time": 0.005687013268470764, "time": 0.4128532409667969, "step": 1600}
{"lr": 0.009620721705081534, "data_time": 0.007799601554870606, "loss": 0.06451490074396134, "decode.loss_ce": 0.04548601247370243, "decode.acc_seg": 65.4510498046875, "aux.loss_ce": 0.01902888938784599, "aux.acc_seg": 69.05517578125, "time": 0.6427859306335449, "memory": 3614, "step": 1700}
{"lr": 0.009598346328502901, "data_time": 0.007672333717346191, "loss": 0.06660492420196533, "decode.loss_ce": 0.04673437438905239, "decode.acc_seg": 66.9952392578125, "aux.loss_ce": 0.019870550464838745, "aux.acc_seg": 65.570068359375, "time": 0.6416399002075195, "memory": 3614, "step": 1800}
{"lr": 0.009575965093722064, "data_time": 0.008722639083862305, "loss": 0.07245425805449486, "decode.loss_ce": 0.05139839574694634, "decode.acc_seg": 70.4559326171875, "aux.loss_ce": 0.021055861841887236, "aux.acc_seg": 66.998291015625, "time": 0.6428884744644165, "memory": 3614, "step": 1900}
{"lr": 0.009553577983823325, "data_time": 0.00841085910797119, "loss": 0.06723272390663623, "decode.loss_ce": 0.047191882878541945, "decode.acc_seg": 74.7772216796875, "aux.loss_ce": 0.020040841307491064, "aux.acc_seg": 74.5574951171875, "time": 0.6422972440719604, "memory": 3614, "step": 2000}
{"aAcc": 64.48, "mIoU": 28.73, "mAcc": 36.6, "data_time": 0.004848450422286987, "time": 0.4110387861728668, "step": 2000}
{"lr": 0.0095311849817975, "data_time": 0.007933425903320312, "loss": 0.06908989697694778, "decode.loss_ce": 0.04845153298228979, "decode.acc_seg": 57.4127197265625, "aux.loss_ce": 0.02063836492598057, "aux.acc_seg": 56.829833984375, "time": 0.641837739944458, "memory": 3614, "step": 2100}
{"lr": 0.009508786070541123, "data_time": 0.008495330810546875, "loss": 0.06241306737065315, "decode.loss_ce": 0.043666869215667245, "decode.acc_seg": 67.1478271484375, "aux.loss_ce": 0.01874619796872139, "aux.acc_seg": 62.4176025390625, "time": 0.6431530475616455, "memory": 3614, "step": 2200}
{"lr": 0.009486381232855704, "data_time": 0.008321118354797364, "loss": 0.07045946046710014, "decode.loss_ce": 0.0498407918959856, "decode.acc_seg": 61.5325927734375, "aux.loss_ce": 0.020618667639791966, "aux.acc_seg": 61.8804931640625, "time": 0.6427858114242554, "memory": 3614, "step": 2300}
{"lr": 0.009463970451446941, "data_time": 0.00813136100769043, "loss": 0.05904499627649784, "decode.loss_ce": 0.041311031207442284, "decode.acc_seg": 80.06591796875, "aux.loss_ce": 0.0177339649759233, "aux.acc_seg": 79.7607421875, "time": 0.6428399085998535, "memory": 3614, "step": 2400}
{"aAcc": 70.35, "mIoU": 38.03, "mAcc": 45.81,