{"coco/bbox_mAP": 0.613, "coco/bbox_mAP_50": 0.88, "coco/bbox_mAP_75": 0.765, "coco/bbox_mAP_s": 0.135, "coco/bbox_mAP_m": 0.383, "coco/bbox_mAP_l": 0.698, "data_time": 0.051481118842737, "time": 0.10944196003586498}