{"lr": 2.5863685344827587e-05, "data_time": 2.1699626445770264, "loss": 2.6657153129577638, "loss_cls": 1.9409904479980469, "loss_bbox": 0.7247249007225036, "time": 3.39030237197876, "epoch": 1, "memory": 1522, "step": 5}
{"lr": 5.819094827586207e-05, "data_time": 1.088888669013977, "loss": 2.6708807945251465, "loss_cls": 1.9483325481414795, "loss_bbox": 0.7225482523441314, "time": 1.851656937599182, "epoch": 1, "memory": 1522, "step": 10}
{"lr": 9.051821120689655e-05, "data_time": 1.3235384305318196, "loss": 2.650597095489502, "loss_cls": 1.917974019050598, "loss_bbox": 0.7326230764389038, "time": 1.9480756282806397, "epoch": 2, "memory": 1522, "step": 15}
{"lr": 0.00012284547413793102, "data_time": 1.0387038469314576, "loss": 2.6414369225502012, "loss_cls": 1.906466943025589, "loss_bbox": 0.734969973564148, "time": 1.58318293094635, "epoch": 2, "memory": 1522, "step": 20}
{"lr": 0.00015517273706896546, "data_time": 1.2469355297088622, "loss": 2.6551519203186036, "loss_cls": 1.929949107170105, "loss_bbox": 0.7252028059959411, "time": 1.7580202198028565, "epoch": 3, "memory": 1522, "step": 25}
{"lr": 0.0001874999999999999, "data_time": 1.0418397982915242, "loss": 2.6637505451838175, "loss_cls": 1.9492207686106364, "loss_bbox": 0.7145297666390736, "time": 1.5189067363739013, "epoch": 3, "memory": 1522, "step": 30}
{"lr": 0.0001874999999999999, "data_time": 1.1467618942260742, "loss": 2.661641870226179, "loss_cls": 1.954163864680699, "loss_bbox": 0.7074780089514596, "time": 1.6070015498570034, "epoch": 4, "memory": 1522, "step": 35}
{"lr": 0.0001874999999999999, "data_time": 1.0236188173294067, "loss": 2.6583707869052886, "loss_cls": 1.9633825540542602, "loss_bbox": 0.6949882328510284, "time": 1.4648304879665375, "epoch": 4, "memory": 1522, "step": 40}
{"lr": 0.0001874999999999999, "data_time": 1.0960207091437446, "loss": 2.643446191151937, "loss_cls": 1.9595608923170302, "loss_bbox": 0.6838853001594544, "time": 1.531898440255059, "epoch": 5, "memory": 1522, "step": 45}
{"lr": 0.0001874999999999999, "data_time": 1.0042238330841065, "loss": 2.6083279275894165, "loss_cls": 1.9410158944129945, "loss_bbox": 0.6673120313882828, "time": 1.4270698022842407, "epoch": 5, "memory": 1522, "step": 50}
{"lr": 0.0001874999999999999, "data_time": 0.9589219760894775, "loss": 2.5509651350975036, "loss_cls": 1.903296799659729, "loss_bbox": 0.6476683384180069, "time": 1.2942644834518433, "epoch": 6, "memory": 1522, "step": 55}
{"lr": 0.0001874999999999999, "data_time": 0.970287652015686, "loss": 2.4692754459381105, "loss_cls": 1.8417298626899719, "loss_bbox": 0.6275455886125565, "time": 1.3055119228363037, "epoch": 6, "memory": 1522, "step": 60}
{"lr": 0.0001874999999999999, "data_time": 0.9660213613510131, "loss": 2.363399314880371, "loss_cls": 1.7685380148887635, "loss_bbox": 0.5948613053560257, "time": 1.2999259996414185, "epoch": 7, "memory": 1522, "step": 65}
{"lr": 0.0001874999999999999, "data_time": 0.9673644781112671, "loss": 2.25190399646759, "loss_cls": 1.6857767307758331, "loss_bbox": 0.5661272770166397, "time": 1.3014366388320924, "epoch": 7, "memory": 1522, "step": 70}
{"lr": 0.0001874999999999999, "data_time": 0.9281035470962524, "loss": 2.112907989025116, "loss_cls": 1.5716752529144287, "loss_bbox": 0.541232750415802, "time": 1.2602217388153076, "epoch": 8, "memory": 1522, "step": 75}
{"lr": 0.0001874999999999999, "data_time": 0.9363870525360107, "loss": 1.9485896480083467, "loss_cls": 1.4374778479337693, "loss_bbox": 0.5111118161678314, "time": 1.268329472541809, "epoch": 8, "memory": 1522, "step": 80}
{"lr": 0.0001874999999999999, "data_time": 0.9342484521865845, "loss": 1.7886813724040984, "loss_cls": 1.3048177927732467, "loss_bbox": 0.4838635885715485, "time": 1.2635626792907715, "epoch": 9, "memory": 1522, "step": 85}
{"lr": 0.0001874999999999999, "data_time": 0.9324189853668213, "loss": 1.630617195367813, "loss_cls": 1.1693208259344101, "loss_bbox": 0.4612963807582855, "time": 1.2617692184448241, "epoch": 9, "memory": 1522, "step": 90}
{"lr": 0.0001874999999999999, "data_time": 0.9313375186920166, "loss": 1.4795809066295624, "loss_cls": 1.040942104458809, "loss_bbox": 0.4386388158798218, "time": 1.2566170120239257, "epoch": 10, "memory": 1522, "step": 95}
{"lr": 0.0001874999999999999, "data_time": 0.9467673683166504, "loss": 1.3434830820560455, "loss_cls": 0.9227817207574844, "loss_bbox": 0.4207013803720474, "time": 1.2720673131942748, "epoch": 10, "memory": 1522, "step": 100}
{"coco/bbox_mAP": 0.825, "coco/bbox_mAP_50": 0.975, "coco/bbox_mAP_75": 0.904, "coco/bbox_mAP_s": -1.0, "coco/bbox_mAP_m": -1.0, "coco/bbox_mAP_l": 0.825, "data_time": 0.09823288236345563, "time": 0.11835885047912598, "step": 10}
{"lr": 0.0001874999999999999, "data_time": 0.956083002090454, "loss": 1.2447832477092744, "loss_cls": 0.8380303579568863, "loss_bbox": 0.4067529028654098, "time": 1.281141881942749, "epoch": 11, "memory": 1522, "step": 105}
{"lr": 0.0001874999999999999, "data_time": 0.954220962524414, "loss": 1.1468917417526245, "loss_cls": 0.7581270611286164, "loss_bbox": 0.3887646931409836, "time": 1.279416971206665, "epoch": 11, "memory": 1522, "step": 110}
{"lr": 0.0001874999999999999, "data_time": 0.9516357088088989, "loss": 1.0880846643447877, "loss_cls": 0.7058278167247772, "loss_bbox": 0.38225686192512515, "time": 1.2768494749069215, "epoch": 12, "memory": 1522, "step": 115}
{"lr": 0.0001874999999999999, "data_time": 0.9377963495254517, "loss": 1.0319983780384063, "loss_cls": 0.6586709451675415, "loss_bbox": 0.3733274430036545, "time": 1.2630057477951049, "epoch": 12, "memory": 1522, "step": 120}
{"lr": 0.0001874999999999999, "data_time": 0.9227156019210816, "loss": 0.9916499066352844, "loss_cls": 0.6268234765529632, "loss_bbox": 0.36482643961906436, "time": 1.2491857957839967, "epoch": 13, "memory": 1522, "step": 125}
{"lr": 0.0001874999999999999, "data_time": 0.9283902978897095, "loss": 0.9741429197788238, "loss_cls": 0.6100904071331024, "loss_bbox": 0.364052522778511, "time": 1.2548153686523438, "epoch": 13, "memory": 1522, "step": 130}
{"lr": 0.0001874999999999999, "data_time": 0.9189148950576782, "loss": 0.9536283457279205, "loss_cls": 0.594857074022293, "loss_bbox": 0.35877128183841706, "time": 1.2463311290740966, "epoch": 14, "memory": 1522, "step": 135}
{"lr": 0.0001874999999999999, "data_time": 0.927248330116272, "loss": 0.9340071904659272, "loss_cls": 0.5784170699119567, "loss_bbox": 0.35559013068675993, "time": 1.2544426679611207, "epoch": 14, "memory": 1522, "step": 140}
{"lr": 0.0001874999999999999, "data_time": 0.9409941339492798, "loss": 0.9068893039226532, "loss_cls": 0.5567169940471649, "loss_bbox": 0.3501723176240921, "time": 1.2678143930435182, "epoch": 15, "memory": 1522, "step": 145}
{"lr": 0.0001874999999999999, "data_time": 0.9091441011428834, "loss": 0.9036063957214355, "loss_cls": 0.5513006490468979, "loss_bbox": 0.35230575025081634, "time": 1.2359796953201294, "epoch": 15, "memory": 1522, "step": 150}
{"lr": 0.0001874999999999999, "data_time": 0.8891434717178345, "loss": 0.8650179231166839, "loss_cls": 0.5210934144258499, "loss_bbox": 0.3439245092868805, "time": 1.2203911209106446, "epoch": 16, "memory": 1522, "step": 155}
{"lr": 0.0001874999999999999, "data_time": 0.8910308933258057, "loss": 0.8521173524856568, "loss_cls": 0.5085438472032547, "loss_bbox": 0.3435735082626343, "time": 1.2223317575454713, "epoch": 16, "memory": 1522, "step": 160}
{"lr": 0.0001874999999999999, "data_time": 0.8860131597518921, "loss": 0.8430565750598907, "loss_cls": 0.5046997863054276, "loss_bbox": 0.33835679113864897, "time": 1.220736837387085, "epoch": 17, "memory": 1522, "step": 165}
{"lr": 0.0001874999999999999, "data_time": 0.8864227724075318, "loss": 0.8330335021018982, "loss_cls": 0.4973624986410141, "loss_bbox": 0.33567100584506987, "time": 1.2210332918167115, "epoch": 17, "memory": 1522, "step": 170}
{"lr": 0.0001874999999999999, "data_time": 0.9074845266342163, "loss": 0.8243858385086059, "loss_cls": 0.4912974351644516,