{"lr": 4e-08, "data_time": 12.585066080093384, "loss": 0.4218690097332001, "loss_kpt": 0.4218690097332001, "acc_pose": 0.002976190476190476, "time": 16.33095383644104, "epoch": 1, "memory": 1496, "step": 1}
{"lr": 0.0002105642105263158, "data_time": 10.097813844680786, "loss": 0.4222768396139145, "loss_kpt": 0.4222768396139145, "acc_pose": 0.00744047619047619, "time": 12.079151511192322, "epoch": 1, "memory": 1563, "step": 2}
{"lr": 0.00042108842105263163, "data_time": 10.660547892252604, "loss": 0.4222075442473094, "loss_kpt": 0.4222075442473094, "acc_pose": 0.019345238095238096, "time": 12.047362248102823, "epoch": 1, "memory": 1563, "step": 3}
{"lr": 0.0006316126315789475, "data_time": 10.862866461277008, "loss": 0.4214572608470917, "loss_kpt": 0.4214572608470917, "acc_pose": 0.03125, "time": 11.952999830245972, "epoch": 1, "memory": 1563, "step": 4}
