{"coco/bbox_mAP": 0.868, "coco/bbox_mAP_50": 0.988, "coco/bbox_mAP_75": 0.92, "coco/bbox_mAP_s": -1.0, "coco/bbox_mAP_m": -1.0, "coco/bbox_mAP_l": 0.868, "data_time": 0.09516228948320661, "time": 0.20767149754932948}